condition,has_missing,image,tp,conf,h_px,w_px,area_frac,h_vs_median,h_vs_min,n_labels,max_label_iou,covered_by_labels,touches_edge,cy_frac
missing_10,1,000019.png,0,0.6061,42.0,47.5,0.004286,0.307,2.075,2,0.0,0.0,0,0.513
missing_10,1,000060.png,0,0.5116,25.2,42.0,0.002271,0.399,1.366,2,0.0,0.0,0,0.505
missing_10,1,000136.png,1,0.9678,164.1,370.3,0.13049,3.759,6.112,5,0.003,0.003,1,0.779
missing_10,1,000178.png,1,0.812,48.3,149.1,0.015449,0.932,1.918,7,0.0,0.0,0,0.583
missing_10,1,000178.png,0,0.6714,31.8,44.1,0.003011,0.613,1.262,7,0.0,0.0,0,0.529
missing_10,1,000332.png,1,0.8599,36.5,46.3,0.003655,-1.0,-1.0,0,0.0,0.0,0,0.528
missing_10,1,000456.png,1,0.6662,29.2,33.0,0.00207,0.354,0.354,1,0.0,0.0,0,0.545
missing_10,1,000521.png,1,0.5935,19.5,26.8,0.001121,0.433,0.72,3,0.0,0.0,0,0.51
missing_10,1,000539.png,1,0.8231,33.3,71.8,0.005124,1.265,1.768,6,0.088,0.134,0,0.537
missing_10,1,000577.png,1,0.8436,63.1,69.5,0.009411,0.543,2.029,4,0.156,0.433,0,0.551
missing_10,1,000581.png,1,0.7119,35.6,40.9,0.003126,-1.0,-1.0,0,0.0,0.0,0,0.595
missing_10,1,000612.png,0,0.598,83.7,200.2,0.036006,1.314,2.899,9,0.493,0.766,0,0.579
missing_10,1,000647.png,1,0.9008,64.4,73.8,0.010182,1.873,4.041,4,0.0,0.0,0,0.564
missing_10,1,000725.png,0,0.7598,41.6,60.6,0.005402,0.623,1.503,7,0.809,0.833,0,0.547
missing_10,1,000729.png,1,0.8454,52.2,69.9,0.007835,0.619,1.324,5,0.033,0.064,0,0.538
missing_10,1,000729.png,0,0.5949,38.3,90.7,0.007461,0.454,0.972,5,0.687,0.837,0,0.506
missing_10,1,000843.png,1,0.7798,45.1,66.9,0.006483,0.689,2.328,8,0.189,0.487,0,0.544
missing_10,1,000846.png,0,0.696,38.2,108.0,0.008848,1.587,2.641,7,0.0,0.0,0,0.542
missing_10,1,000846.png,0,0.5873,31.7,89.3,0.006078,1.318,2.194,7,0.0,0.0,0,0.536
missing_10,1,000851.png,1,0.8702,36.3,47.0,0.003669,1.267,1.267,1,0.0,0.0,0,0.532
missing_10,1,000859.png,1,0.9184,116.8,165.8,0.041597,3.457,6.901,5,0.114,0.138,0,0.631
missing_10,1,000930.png,1,0.9407,212.8,373.5,0.170625,2.676,2.676,1,0.035,0.038,1,0.716
missing_10,1,000930.png,1,0.8378,37.8,46.3,0.003755,0.475,0.475,1,0.0,0.0,0,0.524
missing_10,1,000930.png,0,0.6126,27.6,32.0,0.001896,0.347,0.347,1,0.0,0.0,0,0.491
missing_10,1,000936.png,1,0.6846,52.8,108.5,0.012298,0.787,1.77,11,0.418,0.832,0,0.555
missing_10,1,000970.png,1,0.8386,32.5,41.0,0.00286,0.718,0.849,5,0.0,0.0,0,0.513
missing_10,1,000970.png,0,0.5361,154.5,85.1,0.028234,3.414,4.037,5,0.0,0.0,1,0.792
missing_10,1,000985.png,0,0.5331,30.8,87.6,0.005783,0.678,1.434,10,0.297,0.963,0,0.538
missing_10,1,000985.png,0,0.5076,44.9,110.9,0.010684,0.989,2.093,10,0.575,1.0,0,0.56
missing_10,1,000998.png,1,0.6931,31.7,40.4,0.002752,0.534,1.652,7,0.125,0.295,0,0.519
missing_10,1,001013.png,0,0.5684,16.8,25.9,0.000934,0.274,0.576,9,0.0,0.0,0,0.495
missing_10,1,001044.png,0,0.5283,23.4,49.3,0.002475,0.505,0.705,7,0.0,0.0,0,0.485
missing_10,1,001100.png,0,0.5274,27.6,50.5,0.002992,0.292,1.103,8,0.756,0.976,0,0.534
missing_10,1,001158.png,0,0.5436,106.7,110.1,0.025173,3.236,3.573,5,0.436,1.0,1,0.671
missing_10,1,001209.png,0,0.7218,53.7,128.2,0.014787,1.315,3.734,13,0.747,0.927,0,0.54
missing_10,1,001226.png,1,0.9257,117.4,258.5,0.065177,5.33,6.683,3,0.0,0.0,0,0.663
missing_20,1,000019.png,1,0.947,132.3,194.4,0.055217,-1.0,-1.0,0,0.0,0.0,0,0.666
missing_20,1,000019.png,0,0.6061,42.0,47.5,0.004286,-1.0,-1.0,0,0.0,0.0,0,0.513
missing_20,1,000019.png,1,0.5221,18.1,22.9,0.000892,-1.0,-1.0,0,0.0,0.0,0,0.518
missing_20,1,000060.png,0,0.5116,25.2,42.0,0.002271,0.399,0.399,1,0.0,0.0,0,0.505
missing_20,1,000066.png,1,0.8232,27.4,42.9,0.002523,0.724,0.724,1,0.0,0.0,0,0.492
missing_20,1,000107.png,1,0.9311,132.6,200.4,0.057037,2.411,5.057,6,0.165,0.576,0,0.657
missing_20,1,000136.png,1,0.7836,36.9,68.8,0.005446,0.734,1.373,5,0.001,0.031,0,0.566
missing_20,1,000178.png,1,0.9442,183.9,352.7,0.139285,3.571,7.308,5,0.248,0.338,1,0.752
missing_20,1,000178.png,1,0.9092,62.7,85.1,0.011449,1.217,2.491,5,0.417,0.468,0,0.561
missing_20,1,000178.png,0,0.6714,31.8,44.1,0.003011,0.617,1.262,5,0.0,0.0,0,0.529
missing_20,1,000178.png,1,0.6405,32.4,42.7,0.002968,0.628,1.285,5,0.132,0.382,0,0.51
missing_20,1,000194.png,1,0.9091,56.5,80.6,0.009776,1.919,1.919,1,0.0,0.0,0,0.554
missing_20,1,000286.png,1,0.8626,57.6,79.3,0.009811,1.203,2.777,9,0.441,0.488,0,0.551
missing_20,1,000286.png,1,0.8155,26.3,80.2,0.004522,0.548,1.265,9,0.053,0.261,0,0.534
missing_20,1,000357.png,1,0.9183,126.9,244.8,0.066579,2.298,3.633,6,0.11,0.134,0,0.667
missing_20,1,000386.png,1,0.8681,34.5,47.0,0.003471,0.288,0.848,4,0.062,0.245,0,0.53
missing_20,1,000386.png,1,0.8625,57.8,96.6,0.011962,0.482,1.42,4,0.068,0.975,0,0.553
missing_20,1,000386.png,1,0.7752,34.8,58.7,0.00438,0.29,0.856,4,0.105,0.462,0,0.533
missing_20,1,000421.png,1,0.8724,36.3,110.7,0.008618,1.127,1.816,6,0.211,0.274,0,0.527
missing_20,1,000456.png,1,0.906,82.1,98.0,0.017284,2.7,2.7,1,0.0,0.0,0,0.59
missing_20,1,000462.png,1,0.8402,88.7,94.9,0.018064,0.898,1.335,5,0.0,0.0,0,0.584
missing_20,1,000462.png,1,0.8345,99.8,206.8,0.044304,1.011,1.503,5,0.454,0.569,0,0.574
missing_20,1,000493.png,1,0.8452,192.2,292.2,0.120576,5.654,7.563,3,0.0,0.0,1,0.744
missing_20,1,000512.png,1,0.864,31.9,57.1,0.003905,-1.0,-1.0,0,0.0,0.0,0,0.536
missing_20,1,000539.png,1,0.8233,30.5,63.2,0.004145,1.335,1.624,5,0.182,0.254,0,0.528
missing_20,1,000539.png,1,0.8231,33.3,71.8,0.005124,1.453,1.768,5,0.051,0.131,0,0.537
missing_20,1,000612.png,1,0.8479,77.9,116.7,0.01951,1.222,2.696,8,0.23,0.322,0,0.614
missing_20,1,000612.png,0,0.598,83.7,200.2,0.036006,1.314,2.899,8,0.493,0.766,0,0.579
missing_20,1,000616.png,1,0.9291,52.7,65.7,0.007422,1.674,1.674,1,0.026,0.038,0,0.551
missing_20,1,000616.png,1,0.9233,117.0,150.6,0.037845,3.72,3.72,1,0.0,0.0,0,0.632
missing_20,1,000623.png,1,0.7567,51.0,78.3,0.008579,0.64,2.038,6,0.325,0.407,0,0.566
missing_20,1,000657.png,1,0.5261,17.4,21.1,0.000788,1.155,1.155,1,0.0,0.0,0,0.491
missing_20,1,000664.png,1,0.5068,37.1,38.7,0.003103,0.675,1.172,4,0.204,0.561,0,0.509
missing_20,1,000725.png,1,0.9114,107.0,235.2,0.053912,1.601,3.864,6,0.483,0.513,0,0.634
missing_20,1,000725.png,0,0.7598,41.6,60.6,0.005402,0.623,1.503,6,0.809,0.833,0,0.547
missing_20,1,000729.png,0,0.5949,38.3,90.7,0.007461,0.454,0.972,6,0.687,0.837,0,0.506
missing_20,1,000747.png,1,0.8177,31.3,51.5,0.003457,1.136,1.373,4,0.31,0.453,0,0.526
missing_20,1,000843.png,1,0.9357,123.0,195.0,0.051494,1.877,5.867,6,0.0,0.0,0,0.637
missing_20,1,000846.png,0,0.696,38.2,108.0,0.008848,1.587,2.641,7,0.0,0.0,0,0.542
missing_20,1,000846.png,0,0.5873,31.7,89.3,0.006078,1.318,2.194,7,0.0,0.0,0,0.536
missing_20,1,000882.png,1,0.9542,68.3,143.6,0.021075,1.33,2.917,7,0.0,0.0,0,0.572
missing_20,1,000882.png,1,0.9212,141.5,204.5,0.062106,2.753,6.038,7,0.0,0.0,1,0.699
missing_20,1,000897.png,1,0.7559,38.4,85.3,0.007023,1.797,1.797,1,0.0,0.0,0,0.557
missing_20,1,000910.png,1,0.6419,43.2,45.7,0.004237,0.48,1.868,7,0.064,0.078,0,0.551
missing_20,1,000918.png,1,0.8902,54.6,55.5,0.006505,1.146,2.689,6,0.418,0.507,0,0.55
missing_20,1,000930.png,1,0.8378,37.8,46.3,0.003755,0.176,0.475,2,0.0,0.0,0,0.524
missing_20,1,000930.png,0,0.6126,27.6,32.0,0.001896,0.129,0.347,2,0.0,0.0,0,0.491
missing_20,1,000933.png,1,0.8974,43.4,60.5,0.005629,-1.0,-1.0,0,0.0,0.0,0,0.547
missing_20,1,000936.png,1,0.9273,190.2,213.1,0.087037,2.305,6.056,8,0.428,0.428,1,0.745
missing_20,1,000936.png,1,0.8931,46.0,52.8,0.005217,0.557,1.464,8,0.387,0.403,0,0.552
missing_20,1,000936.png,1,0.7665,64.1,140.9,0.01938,0.776,2.039,8,0.516,0.608,0,0.574
missing_20,1,000970.png,1,0.7915,37.3,124.1,0.009948,0.486,1.141,4,0.0,0.0,0,0.487
missing_20,1,000970.png,0,0.5361,154.5,85.1,0.028234,2.013,4.722,4,0.0,0.0,1,0.792
missing_20,1,000985.png,1,0.9612,182.6,376.0,0.147156,4.02,8.507,8,0.118,0.119,1,0.753
missing_20,1,000985.png,1,0.5383,21.0,22.0,0.000991,0.462,0.977,8,0.0,0.0,0,0.517
missing_20,1,000985.png,0,0.5331,30.8,87.6,0.005783,0.678,1.434,8,0.297,0.963,0,0.538
missing_20,1,000985.png,0,0.5076,44.9,110.9,0.010684,0.989,2.093,8,0.575,1.0,0,0.56
missing_20,1,000998.png,1,0.8867,72.3,150.9,0.023435,1.217,3.764,6,0.13,0.181,0,0.634
missing_20,1,000998.png,1,0.8535,42.4,76.9,0.006993,0.713,2.205,6,0.09,0.24,0,0.552
missing_20,1,001013.png,1,0.9351,69.1,103.8,0.015372,1.128,2.369,6,0.091,0.105,0,0.57
missing_20,1,001013.png,1,0.9229,193.8,370.6,0.153954,3.165,6.645,6,0.26,0.261,1,0.74
missing_20,1,001013.png,1,0.5956,32.7,65.7,0.004605,0.534,1.121,6,0.179,0.713,0,0.527
missing_20,1,001013.png,0,0.5684,16.8,25.9,0.000934,0.274,0.576,6,0.0,0.0,0,0.495
missing_20,1,001044.png,1,0.7804,35.1,80.9,0.006098,0.353,1.057,6,0.0,0.0,0,0.512
missing_20,1,001044.png,0,0.5283,23.4,49.3,0.002475,0.235,0.705,6,0.0,0.0,0,0.485
missing_20,1,001100.png,1,0.92,101.5,173.8,0.037897,1.074,3.725,5,0.136,0.423,0,0.678
missing_20,1,001100.png,1,0.8259,36.4,91.5,0.00715,0.385,1.335,5,0.31,0.362,0,0.548
missing_20,1,001100.png,0,0.5274,27.6,50.5,0.002992,0.292,1.012,5,0.756,0.976,0,0.534
missing_20,1,001158.png,0,0.5436,106.7,110.1,0.025173,3.236,3.573,5,0.436,1.0,1,0.671
missing_20,1,001190.png,1,0.9055,100.2,131.4,0.028289,1.496,3.512,4,0.089,0.571,0,0.662
missing_20,1,001190.png,1,0.8596,65.7,94.7,0.013372,0.981,2.303,4,0.252,0.316,0,0.595
missing_20,1,001192.png,1,0.9345,104.2,149.9,0.033542,2.626,2.626,1,0.0,0.0,0,0.63
missing_20,1,001192.png,1,0.8347,69.4,96.4,0.01436,1.749,1.749,1,0.0,0.0,0,0.572
missing_20,1,001209.png,0,0.7218,53.7,128.2,0.014787,0.956,3.734,12,0.747,0.927,0,0.54
missing_30,1,000006.png,1,0.8673,65.6,188.9,0.02675,1.957,2.84,3,0.0,0.0,0,0.567
missing_30,1,000019.png,1,0.947,132.3,194.4,0.055217,-1.0,-1.0,0,0.0,0.0,0,0.666
missing_30,1,000019.png,0,0.6061,42.0,47.5,0.004286,-1.0,-1.0,0,0.0,0.0,0,0.513
missing_30,1,000019.png,1,0.5221,18.1,22.9,0.000892,-1.0,-1.0,0,0.0,0.0,0,0.518
missing_30,1,000060.png,0,0.5116,25.2,42.0,0.002271,0.399,1.366,2,0.0,0.0,0,0.505
missing_30,1,000107.png,1,0.9097,195.2,427.0,0.178904,2.437,5.535,3,0.171,0.194,1,0.735
missing_30,1,000107.png,1,0.8354,55.5,72.7,0.008661,0.693,1.574,3,0.0,0.0,0,0.552
missing_30,1,000107.png,1,0.7325,48.0,66.9,0.006901,0.6,1.362,3,0.238,0.71,0,0.532
missing_30,1,000136.png,1,0.9678,164.1,370.3,0.13049,3.759,6.112,5,0.003,0.003,1,0.779
missing_30,1,000178.png,1,0.9442,183.9,352.7,0.139285,3.571,7.308,6,0.248,0.338,1,0.752
missing_30,1,000178.png,1,0.9092,62.7,85.1,0.011449,1.217,2.491,6,0.417,0.468,0,0.561
missing_30,1,000178.png,0,0.6714,31.8,44.1,0.003011,0.617,1.262,6,0.0,0.0,0,0.529
missing_30,1,000194.png,1,0.9091,56.5,80.6,0.009776,1.919,1.919,1,0.0,0.0,0,0.554
missing_30,1,000286.png,1,0.9428,79.6,110.0,0.018813,2.498,3.838,7,0.049,0.058,0,0.599
missing_30,1,000286.png,1,0.9116,197.4,355.8,0.15079,6.192,9.513,7,0.312,0.414,0,0.731
missing_30,1,000286.png,1,0.7037,28.3,83.6,0.005074,0.886,1.362,7,0.0,0.0,0,0.533
missing_30,1,000292.png,1,0.9173,65.0,68.3,0.009531,-1.0,-1.0,0,0.0,0.0,0,0.549
missing_30,1,000295.png,1,0.9016,95.4,134.6,0.027569,-1.0,-1.0,0,0.0,0.0,0,0.633
missing_30,1,000332.png,1,0.8599,36.5,46.3,0.003655,-1.0,-1.0,0,0.0,0.0,0,0.528
missing_30,1,000357.png,1,0.9183,126.9,244.8,0.066579,2.298,3.633,3,0.299,0.301,0,0.667
missing_30,1,000357.png,1,0.9099,70.7,158.7,0.024048,1.28,2.024,3,0.085,0.145,0,0.566
missing_30,1,000357.png,1,0.8821,137.9,106.6,0.031517,2.497,3.948,3,0.0,0.0,1,0.668
missing_30,1,000357.png,1,0.8381,40.3,71.8,0.006202,0.73,1.154,3,0.062,0.158,0,0.537
missing_30,1,000357.png,1,0.5936,39.9,56.8,0.004859,0.722,1.142,3,0.254,0.642,0,0.537
missing_30,1,000386.png,1,0.8681,34.5,47.0,0.003471,0.579,0.918,7,0.062,0.245,0,0.53
missing_30,1,000421.png,1,0.9319,207.8,224.8,0.100285,6.46,10.406,6,0.009,0.009,1,0.718
missing_30,1,000460.png,1,0.8993,105.4,319.8,0.074461,-1.0,-1.0,0,0.0,0.0,0,0.58
missing_30,1,000462.png,1,0.9171,129.2,238.0,0.066031,1.456,1.946,5,0.142,0.357,0,0.644
missing_30,1,000462.png,1,0.8345,99.8,206.8,0.044304,1.124,1.503,5,0.454,0.463,0,0.574
missing_30,1,000493.png,1,0.5733,25.5,35.0,0.001913,0.598,0.75,3,0.0,0.0,0,0.513
missing_30,1,000512.png,1,0.864,31.9,57.1,0.003905,-1.0,-1.0,0,0.0,0.0,0,0.536
missing_30,1,000521.png,1,0.7181,42.6,78.8,0.007214,1.573,2.25,3,0.146,0.425,0,0.554
missing_30,1,000536.png,1,0.9347,158.0,161.8,0.05489,7.883,7.883,1,0.0,0.0,0,0.66
missing_30,1,000537.png,1,0.5992,21.4,36.5,0.001679,0.824,0.824,1,0.013,0.034,0,0.519
missing_30,1,000539.png,1,0.8231,33.3,71.8,0.005124,1.265,1.768,4,0.088,0.134,0,0.537
missing_30,1,000539.png,1,0.7565,44.0,39.9,0.003766,1.673,2.338,4,0.0,0.0,1,0.58
missing_30,1,000539.png,1,0.7479,23.8,45.0,0.002302,0.907,1.267,4,0.126,0.207,0,0.517
missing_30,1,000556.png,1,0.8385,28.9,85.0,0.005274,-1.0,-1.0,0,0.0,0.0,0,0.532
missing_30,1,000556.png,1,0.7901,29.3,40.6,0.002548,-1.0,-1.0,0,0.0,0.0,0,0.526
missing_30,1,000577.png,1,0.9033,123.6,173.1,0.045926,1.293,3.974,2,0.155,0.195,0,0.667
missing_30,1,000577.png,1,0.8436,63.1,69.5,0.009411,0.66,2.029,2,0.156,0.433,0,0.551
missing_30,1,000601.png,1,0.6537,22.8,25.9,0.001267,0.686,0.686,1,0.0,0.0,0,0.492
missing_30,1,000612.png,1,0.9204,160.1,250.8,0.086198,2.512,5.54,8,0.571,0.701,1,0.718
missing_30,1,000612.png,0,0.598,83.7,200.2,0.036006,1.314,2.899,8,0.493,0.766,0,0.579
missing_30,1,000623.png,1,0.9055,163.6,241.7,0.08489,3.144,6.535,4,0.0,0.0,1,0.781
missing_30,1,000623.png,1,0.8222,151.9,147.1,0.047978,2.92,6.07,4,0.0,0.0,1,0.796
missing_30,1,000647.png,1,0.838,38.0,53.0,0.004315,0.774,1.656,3,0.25,0.536,0,0.531
missing_30,1,000664.png,1,0.5068,37.1,38.7,0.003103,0.675,1.172,4,0.204,0.561,0,0.509
missing_30,1,000683.png,1,0.8407,27.9,26.7,0.001601,1.129,1.781,2,0.0,0.0,0,0.508
missing_30,1,000683.png,1,0.6305,24.7,36.5,0.001934,0.997,1.573,2,0.0,0.0,0,0.521
missing_30,1,000714.png,1,0.8907,69.7,185.3,0.027722,0.787,1.221,4,0.198,0.274,0,0.616
missing_30,1,000725.png,1,0.7598,41.6,60.6,0.005402,0.483,1.41,5,0.0,0.0,0,0.547
missing_30,1,000725.png,1,0.6005,29.2,42.2,0.002646,0.339,0.991,5,0.0,0.0,0,0.527
missing_30,1,000729.png,0,0.5949,38.3,90.7,0.007461,0.454,0.972,6,0.687,0.837,0,0.506
missing_30,1,000747.png,1,0.8177,31.3,51.5,0.003457,0.939,1.136,2,0.31,0.453,0,0.526
missing_30,1,000747.png,1,0.6725,18.2,23.0,0.000897,0.547,0.661,2,0.0,0.0,0,0.506
missing_30,1,000747.png,1,0.6663,27.7,30.3,0.001805,0.833,1.007,2,0.0,0.0,0,0.493
missing_30,1,000843.png,1,0.9357,123.0,195.0,0.051494,2.711,6.341,6,0.016,0.017,0,0.637
missing_30,1,000843.png,1,0.929,101.0,195.6,0.042391,2.226,5.206,6,0.05,0.125,0,0.659
missing_30,1,000846.png,0,0.696,38.2,108.0,0.008848,1.586,2.641,6,0.0,0.0,0,0.542
missing_30,1,000846.png,1,0.6837,22.7,58.7,0.002862,0.944,1.572,6,0.0,0.0,0,0.489
missing_30,1,000846.png,0,0.5873,31.7,89.3,0.006078,1.318,2.194,6,0.0,0.0,0,0.536
missing_30,1,000851.png,1,0.7529,28.7,30.6,0.001889,0.727,0.727,1,0.0,0.0,0,0.51
missing_30,1,000859.png,1,0.6242,18.5,25.3,0.001007,0.262,0.781,5,0.0,0.0,0,0.496
missing_30,1,000882.png,1,0.9392,158.1,218.8,0.074309,1.638,6.75,5,0.242,0.321,0,0.679
missing_30,1,000882.png,1,0.897,34.9,37.5,0.002812,0.362,1.49,5,0.0,0.0,0,0.496
missing_30,1,000882.png,1,0.8284,48.2,61.6,0.00638,0.499,2.058,5,0.052,0.059,0,0.503
missing_30,1,000893.png,1,0.899,52.1,127.3,0.01424,-1.0,-1.0,0,0.0,0.0,0,0.59
missing_30,1,000910.png,1,0.6419,43.2,45.7,0.004237,0.48,1.868,7,0.064,0.078,0,0.551
missing_30,1,000918.png,1,0.9528,201.3,399.0,0.172467,4.227,9.917,6,0.0,0.0,1,0.731
missing_30,1,000930.png,1,0.9407,212.8,373.5,0.170625,2.676,5.891,2,0.035,0.038,1,0.716
missing_30,1,000930.png,0,0.6126,27.6,32.0,0.001896,0.347,0.764,2,0.0,0.0,0,0.491
missing_30,1,000936.png,1,0.9273,190.2,213.1,0.087037,4.239,6.379,6,0.186,0.295,1,0.745
missing_30,1,000936.png,1,0.897,221.3,280.6,0.133307,4.93,7.42,6,0.0,0.0,1,0.702
missing_30,1,000936.png,1,0.821,78.5,219.6,0.037044,1.75,2.634,6,0.0,0.0,0,0.576
missing_30,1,000936.png,1,0.7665,64.1,140.9,0.01938,1.427,2.148,6,0.166,0.264,0,0.574
missing_30,1,000936.png,1,0.6846,52.8,108.5,0.012298,1.176,1.77,6,0.414,0.485,0,0.555
missing_30,1,000970.png,1,0.8528,46.4,62.7,0.00624,0.548,0.604,2,0.136,0.525,0,0.557
missing_30,1,000970.png,1,0.8386,32.5,41.0,0.00286,0.384,0.423,2,0.0,0.0,0,0.513
missing_30,1,000970.png,1,0.7915,37.3,124.1,0.009948,0.441,0.486,2,0.0,0.0,0,0.487
missing_30,1,000970.png,0,0.5361,154.5,85.1,0.028234,1.826,2.013,2,0.0,0.0,1,0.792
missing_30,1,000985.png,1,0.872,35.4,44.4,0.003366,0.779,2.149,9,0.0,0.0,0,0.538
missing_30,1,000985.png,0,0.5331,30.8,87.6,0.005783,0.678,1.871,9,0.297,0.963,0,0.538
missing_30,1,000985.png,0,0.5076,44.9,110.9,0.010684,0.989,2.73,9,0.575,1.0,0,0.56
missing_30,1,000998.png,1,0.8931,31.9,32.2,0.002208,0.765,1.661,5,0.0,0.0,0,0.518
missing_30,1,000998.png,1,0.8246,63.7,78.7,0.010773,1.528,3.317,5,0.223,0.615,0,0.564
missing_30,1,000998.png,1,0.808,57.1,97.3,0.011932,1.37,2.974,5,0.112,0.311,0,0.584
missing_30,1,001012.png,1,0.8673,44.3,64.2,0.006107,0.542,1.049,5,0.133,0.45,0,0.543
missing_30,1,001013.png,1,0.9229,193.8,370.6,0.153954,3.165,6.645,6,0.11,0.11,1,0.74
missing_30,1,001013.png,1,0.8661,38.2,57.8,0.004735,0.624,1.31,6,0.156,0.44,0,0.531
missing_30,1,001013.png,1,0.7421,116.2,154.6,0.038519,1.898,3.984,6,0.0,0.0,1,0.665
missing_30,1,001013.png,0,0.5684,16.8,25.9,0.000934,0.274,0.576,6,0.0,0.0,0,0.495
missing_30,1,001044.png,0,0.5283,23.4,49.3,0.002475,0.505,0.705,7,0.0,0.0,0,0.485
missing_30,1,001100.png,1,0.8266,113.2,100.6,0.024442,1.198,4.526,6,0.0,0.0,1,0.582
missing_30,1,001100.png,1,0.5951,43.2,51.7,0.004795,0.457,1.729,6,0.067,0.082,0,0.573
missing_30,1,001100.png,0,0.5274,27.6,50.5,0.002992,0.292,1.103,6,0.756,0.976,0,0.534
missing_30,1,001143.png,1,0.9242,107.4,211.2,0.048717,4.057,4.806,3,0.0,0.0,1,0.668
missing_30,1,001158.png,1,0.677,132.3,231.4,0.065623,4.014,4.432,4,0.0,0.0,0,0.671
missing_30,1,001158.png,1,0.5436,106.7,110.1,0.025173,3.236,3.573,4,0.0,0.0,1,0.671
missing_30,1,001167.png,1,0.8813,31.4,66.3,0.004473,-1.0,-1.0,0,0.0,0.0,0,0.523
missing_30,1,001190.png,1,0.8691,66.1,81.9,0.011611,0.889,2.314,6,0.0,0.0,0,0.567
missing_30,1,001192.png,1,0.8823,37.3,46.0,0.00368,0.352,0.512,2,0.0,0.0,0,0.525
missing_30,1,001209.png,1,0.9475,39.0,42.8,0.003584,0.46,2.711,6,0.0,0.0,0,0.523
missing_30,1,001209.png,1,0.9016,101.7,192.9,0.042126,1.201,7.07,6,0.359,0.452,0,0.609
missing_30,1,001209.png,1,0.7218,53.7,128.2,0.014787,0.634,3.734,6,0.68,0.927,0,0.54
missing_30,1,001209.png,1,0.5929,37.6,94.3,0.0076,0.443,2.61,6,0.263,0.731,0,0.514
missing_30,1,001209.png,1,0.5922,49.0,106.8,0.011241,0.579,3.408,6,0.48,0.876,0,0.532
clean,0,000019.png,0,0.6061,42.0,47.5,0.004286,0.307,2.075,2,0.0,0.0,0,0.513
clean,0,000060.png,0,0.5116,25.2,42.0,0.002271,0.399,1.366,2,0.0,0.0,0,0.505
clean,0,000178.png,0,0.6714,31.8,44.1,0.003011,0.613,1.262,8,0.0,0.0,0,0.529
clean,0,000612.png,0,0.598,83.7,200.2,0.036006,1.314,2.899,9,0.493,0.766,0,0.579
clean,0,000725.png,0,0.7598,41.6,60.6,0.005402,0.623,1.503,7,0.809,0.833,0,0.547
clean,0,000729.png,0,0.5949,38.3,90.7,0.007461,0.454,0.972,6,0.687,0.837,0,0.506
clean,0,000846.png,0,0.696,38.2,108.0,0.008848,1.587,2.641,7,0.0,0.0,0,0.542
clean,0,000846.png,0,0.5873,31.7,89.3,0.006078,1.318,2.194,7,0.0,0.0,0,0.536
clean,0,000930.png,0,0.6126,27.6,32.0,0.001896,0.347,0.764,3,0.0,0.0,0,0.491
clean,0,000970.png,0,0.5361,154.5,85.1,0.028234,3.414,4.722,6,0.0,0.0,1,0.792
clean,0,000985.png,0,0.5331,30.8,87.6,0.005783,0.762,1.871,11,0.297,0.963,0,0.538
clean,0,000985.png,0,0.5076,44.9,110.9,0.010684,1.112,2.73,11,0.575,1.0,0,0.56
clean,0,001013.png,0,0.5684,16.8,25.9,0.000934,0.274,0.576,9,0.0,0.0,0,0.495
clean,0,001044.png,0,0.5283,23.4,49.3,0.002475,0.505,0.705,7,0.0,0.0,0,0.485
clean,0,001100.png,0,0.5274,27.6,50.5,0.002992,0.292,1.103,8,0.756,0.976,0,0.534
clean,0,001158.png,0,0.5436,106.7,110.1,0.025173,3.236,3.573,5,0.436,1.0,1,0.671
clean,0,001209.png,0,0.7218,53.7,128.2,0.014787,1.315,3.734,13,0.747,0.927,0,0.54
scale_m30,0,000019.png,0,0.6061,42.0,47.5,0.004286,0.307,2.075,2,0.0,0.0,0,0.513
scale_m30,0,000060.png,0,0.5116,25.2,42.0,0.002271,0.399,1.366,2,0.0,0.0,0,0.505
scale_m30,0,000178.png,0,0.6714,31.8,44.1,0.003011,0.617,1.262,8,0.0,0.0,0,0.529
scale_m30,0,000539.png,0,0.8233,30.5,63.2,0.004145,1.335,1.66,7,0.399,0.399,0,0.528
scale_m30,0,000612.png,0,0.598,83.7,200.2,0.036006,1.314,4.141,9,0.493,0.766,0,0.579
scale_m30,0,000725.png,0,0.7598,41.6,60.6,0.005402,0.689,1.503,7,0.809,0.833,0,0.547
scale_m30,0,000729.png,0,0.5949,38.3,90.7,0.007461,0.454,1.078,6,0.687,0.837,0,0.506
scale_m30,0,000846.png,0,0.696,38.2,108.0,0.008848,1.587,2.641,7,0.0,0.0,0,0.542
scale_m30,0,000846.png,0,0.5873,31.7,89.3,0.006078,1.318,2.194,7,0.0,0.0,0,0.536
scale_m30,0,000930.png,0,0.6126,27.6,32.0,0.001896,0.347,1.092,3,0.0,0.0,0,0.491
scale_m30,0,000970.png,0,0.5361,154.5,85.1,0.028234,4.037,4.955,6,0.0,0.0,1,0.792
scale_m30,0,000985.png,0,0.5331,30.8,87.6,0.005783,1.034,1.871,11,0.297,0.963,0,0.538
scale_m30,0,000985.png,0,0.5076,44.9,110.9,0.010684,1.508,2.73,11,0.575,1.0,0,0.56
scale_m30,0,001013.png,0,0.5684,16.8,25.9,0.000934,0.274,0.823,9,0.0,0.0,0,0.495
scale_m30,0,001044.png,0,0.6658,93.0,108.8,0.021739,2.007,3.932,7,0.586,0.85,0,0.559
scale_m30,0,001044.png,0,0.5283,23.4,49.3,0.002475,0.505,0.989,7,0.0,0.0,0,0.485
scale_m30,0,001100.png,0,0.5274,27.6,50.5,0.002992,0.388,1.103,8,0.756,0.976,0,0.534
scale_m30,0,001158.png,0,0.5436,106.7,110.1,0.025173,3.236,4.944,5,0.436,1.0,1,0.671
scale_m30,0,001209.png,0,0.7218,53.7,128.2,0.014787,1.469,3.901,13,0.747,0.927,0,0.54
width_m30,0,000019.png,0,0.6061,42.0,47.5,0.004286,0.307,2.075,2,0.0,0.0,0,0.513
width_m30,0,000060.png,0,0.5116,25.2,42.0,0.002271,0.399,1.366,2,0.0,0.0,0,0.505
width_m30,0,000178.png,0,0.6714,31.8,44.1,0.003011,0.613,1.262,8,0.0,0.0,0,0.529
width_m30,0,000612.png,0,0.598,83.7,200.2,0.036006,1.314,2.899,9,0.459,0.605,0,0.579
width_m30,0,000725.png,0,0.7598,41.6,60.6,0.005402,0.623,1.503,7,0.601,0.602,0,0.547
width_m30,0,000729.png,0,0.5949,38.3,90.7,0.007461,0.454,0.972,6,0.687,0.837,0,0.506
width_m30,0,000846.png,0,0.696,38.2,108.0,0.008848,1.587,2.641,7,0.0,0.0,0,0.542
width_m30,0,000846.png,0,0.5873,31.7,89.3,0.006078,1.318,2.194,7,0.0,0.0,0,0.536
width_m30,0,000930.png,0,0.6126,27.6,32.0,0.001896,0.347,0.764,3,0.0,0.0,0,0.491
width_m30,0,000970.png,0,0.5361,154.5,85.1,0.028234,3.414,4.722,6,0.0,0.0,1,0.792
width_m30,0,000985.png,0,0.5331,30.8,87.6,0.005783,0.762,1.871,11,0.297,0.963,0,0.538
width_m30,0,000985.png,0,0.5076,44.9,110.9,0.010684,1.112,2.73,11,0.575,1.0,0,0.56
width_m30,0,001013.png,0,0.5684,16.8,25.9,0.000934,0.274,0.576,9,0.0,0.0,0,0.495
width_m30,0,001044.png,0,0.5283,23.4,49.3,0.002475,0.505,0.705,7,0.0,0.0,0,0.485
width_m30,0,001100.png,0,0.5274,27.6,50.5,0.002992,0.292,1.103,8,0.756,0.976,0,0.534
width_m30,0,001158.png,0,0.677,132.3,231.4,0.065623,4.014,4.432,5,0.616,0.616,0,0.671
width_m30,0,001158.png,0,0.5436,106.7,110.1,0.025173,3.236,3.573,5,0.359,0.688,1,0.671
width_m30,0,001209.png,0,0.7218,53.7,128.2,0.014787,1.315,3.734,13,0.747,0.927,0,0.54
trans_x_p15,0,000019.png,0,0.6061,42.0,47.5,0.004286,0.307,2.075,2,0.0,0.0,0,0.513
trans_x_p15,0,000060.png,0,0.5116,25.2,42.0,0.002271,0.399,1.366,2,0.0,0.0,0,0.505
trans_x_p15,0,000178.png,0,0.6714,31.8,44.1,0.003011,0.613,1.262,8,0.0,0.0,0,0.529
trans_x_p15,0,000286.png,0,0.6718,31.1,40.2,0.002681,0.648,1.498,11,0.631,0.748,0,0.513
trans_x_p15,0,000539.png,0,0.7228,20.7,36.8,0.001638,0.789,1.102,7,0.704,0.906,0,0.511
trans_x_p15,0,000612.png,0,0.598,83.7,200.2,0.036006,1.314,2.899,9,0.493,0.766,0,0.579
trans_x_p15,0,000725.png,0,0.7598,41.6,60.6,0.005402,0.623,1.503,7,0.809,0.833,0,0.547
trans_x_p15,0,000729.png,0,0.5949,38.3,90.7,0.007461,0.454,0.972,6,0.508,0.692,0,0.506
trans_x_p15,0,000846.png,0,0.696,38.2,108.0,0.008848,1.587,2.641,7,0.0,0.0,0,0.542
trans_x_p15,0,000846.png,0,0.5873,31.7,89.3,0.006078,1.318,2.194,7,0.0,0.0,0,0.536
trans_x_p15,0,000930.png,0,0.6126,27.6,32.0,0.001896,0.347,0.764,3,0.0,0.0,0,0.491
trans_x_p15,0,000970.png,0,0.5361,154.5,85.1,0.028234,3.414,4.722,6,0.0,0.0,1,0.792
trans_x_p15,0,000985.png,0,0.5331,30.8,87.6,0.005783,0.762,1.871,11,0.297,0.963,0,0.538
trans_x_p15,0,000985.png,0,0.5076,44.9,110.9,0.010684,1.112,2.73,11,0.575,1.0,0,0.56
trans_x_p15,0,001013.png,0,0.5684,16.8,25.9,0.000934,0.274,0.576,9,0.0,0.0,0,0.495
trans_x_p15,0,001044.png,0,0.5283,23.4,49.3,0.002475,0.505,0.705,7,0.0,0.0,0,0.485
trans_x_p15,0,001100.png,0,0.5274,27.6,50.5,0.002992,0.292,1.103,8,0.568,0.82,0,0.534
trans_x_p15,0,001158.png,0,0.5436,106.7,110.1,0.025173,3.236,3.573,5,0.264,0.688,1,0.671
trans_x_p15,0,001209.png,0,0.5922,49.0,106.8,0.011241,1.2,3.408,13,0.582,0.854,0,0.532
duplicate_20,0,000019.png,0,0.6061,42.0,47.5,0.004286,0.307,2.075,2,0.0,0.0,0,0.513
duplicate_20,0,000060.png,0,0.5116,25.2,42.0,0.002271,0.399,1.366,2,0.0,0.0,0,0.505
duplicate_20,0,000178.png,0,0.6714,31.8,44.1,0.003011,0.613,1.262,8,0.0,0.0,0,0.529
duplicate_20,0,000612.png,0,0.598,83.7,200.2,0.036006,1.314,2.899,13,0.493,0.766,0,0.579
duplicate_20,0,000725.png,0,0.7598,41.6,60.6,0.005402,0.483,1.503,8,0.809,0.833,0,0.547
duplicate_20,0,000729.png,0,0.5949,38.3,90.7,0.007461,0.454,0.972,6,0.687,0.837,0,0.506
duplicate_20,0,000846.png,0,0.696,38.2,108.0,0.008848,1.587,2.641,7,0.0,0.0,0,0.542
duplicate_20,0,000846.png,0,0.5873,31.7,89.3,0.006078,1.318,2.194,7,0.0,0.0,0,0.536
duplicate_20,0,000930.png,0,0.6126,27.6,32.0,0.001896,0.347,0.764,3,0.0,0.0,0,0.491
duplicate_20,0,000970.png,0,0.5361,154.5,85.1,0.028234,2.013,4.722,8,0.0,0.0,1,0.792
duplicate_20,0,000985.png,0,0.5331,30.8,87.6,0.005783,0.762,1.871,12,0.297,0.963,0,0.538
duplicate_20,0,000985.png,0,0.5076,44.9,110.9,0.010684,1.112,2.73,12,0.575,1.0,0,0.56
duplicate_20,0,001013.png,0,0.5684,16.8,25.9,0.000934,0.274,0.576,10,0.0,0.0,0,0.495
duplicate_20,0,001044.png,0,0.5283,23.4,49.3,0.002475,0.505,0.705,7,0.0,0.0,0,0.485
duplicate_20,0,001100.png,0,0.5274,27.6,50.5,0.002992,0.292,1.103,10,0.756,0.976,0,0.534
duplicate_20,0,001158.png,0,0.5436,106.7,110.1,0.025173,3.461,3.573,7,0.436,1.0,1,0.671
duplicate_20,0,001209.png,0,0.7218,53.7,128.2,0.014787,0.956,3.734,17,0.747,0.927,0,0.54
mix_scale_missing,1,000006.png,1,0.7365,33.4,73.8,0.005328,0.819,1.448,3,0.0,0.0,0,0.502
mix_scale_missing,1,000019.png,1,0.947,132.3,194.4,0.055217,9.342,9.342,1,0.0,0.0,0,0.666
mix_scale_missing,1,000019.png,0,0.6061,42.0,47.5,0.004286,2.965,2.965,1,0.0,0.0,0,0.513
mix_scale_missing,1,000060.png,0,0.5116,25.2,42.0,0.002271,0.399,1.366,2,0.0,0.0,0,0.505
mix_scale_missing,1,000107.png,1,0.9097,195.2,427.0,0.178904,3.548,7.907,5,0.171,0.194,1,0.735
mix_scale_missing,1,000178.png,0,0.6714,31.8,44.1,0.003011,0.617,1.803,8,0.0,0.0,0,0.529
mix_scale_missing,1,000286.png,1,0.8927,127.6,140.1,0.038397,3.805,8.787,8,0.081,0.22,0,0.626
mix_scale_missing,1,000286.png,1,0.8626,57.6,79.3,0.009811,1.718,3.968,8,0.285,0.286,0,0.551
mix_scale_missing,1,000286.png,1,0.7037,28.3,83.6,0.005074,0.842,1.945,8,0.0,0.0,0,0.533
mix_scale_missing,1,000357.png,1,0.9183,126.9,244.8,0.066579,3.13,4.362,7,0.151,0.151,0,0.667
mix_scale_missing,1,000421.png,1,0.6543,31.4,73.9,0.004991,1.305,2.248,5,0.155,0.243,0,0.511
mix_scale_missing,1,000462.png,1,0.9322,99.5,179.3,0.038295,1.121,1.499,5,0.161,0.222,1,0.606
mix_scale_missing,1,000462.png,1,0.9278,210.2,284.5,0.128416,2.368,3.166,5,0.072,0.084,1,0.719
mix_scale_missing,1,000521.png,1,0.7181,42.6,78.8,0.007214,2.248,2.25,3,0.146,0.425,0,0.554
mix_scale_missing,1,000537.png,1,0.811,24.3,48.0,0.002506,1.553,1.553,1,0.0,0.0,0,0.536
mix_scale_missing,1,000539.png,0,0.8233,30.5,63.2,0.004145,1.335,1.66,5,0.399,0.399,0,0.528
mix_scale_missing,1,000539.png,1,0.8231,33.3,71.8,0.005124,1.453,1.808,5,0.022,0.028,0,0.537
mix_scale_missing,1,000539.png,1,0.7228,20.7,36.8,0.001638,0.906,1.127,5,0.211,0.321,0,0.511
mix_scale_missing,1,000581.png,1,0.7119,35.6,40.9,0.003126,-1.0,-1.0,0,0.0,0.0,0,0.595
mix_scale_missing,1,000612.png,1,0.8479,77.9,116.7,0.01951,1.687,3.552,7,0.23,0.322,0,0.614
mix_scale_missing,1,000612.png,0,0.598,83.7,200.2,0.036006,1.814,3.819,7,0.493,0.766,0,0.579
mix_scale_missing,1,000623.png,1,0.9055,163.6,241.7,0.08489,2.714,6.535,6,0.0,0.0,1,0.781
mix_scale_missing,1,000647.png,1,0.9008,64.4,73.8,0.010182,1.874,2.809,3,0.0,0.0,0,0.564
mix_scale_missing,1,000647.png,1,0.838,38.0,53.0,0.004315,1.105,1.656,3,0.178,0.275,0,0.531
mix_scale_missing,1,000664.png,1,0.9321,122.1,186.7,0.049257,3.084,5.114,4,0.033,0.033,0,0.658
mix_scale_missing,1,000714.png,1,0.8779,57.8,76.4,0.009487,0.807,1.201,5,0.0,0.0,0,0.541
mix_scale_missing,1,000725.png,0,0.7598,41.6,60.6,0.005402,0.558,2.014,6,0.423,0.423,0,0.547
mix_scale_missing,1,000725.png,1,0.6005,29.2,42.2,0.002646,0.393,1.416,6,0.252,0.375,0,0.527
mix_scale_missing,1,000729.png,1,0.8823,203.1,183.0,0.079777,4.002,5.962,5,0.306,0.364,1,0.723
mix_scale_missing,1,000729.png,0,0.5949,38.3,90.7,0.007461,0.755,1.124,5,0.687,0.837,0,0.506
mix_scale_missing,1,000747.png,1,0.8177,31.3,51.5,0.003457,1.342,1.781,4,0.23,0.271,0,0.526
mix_scale_missing,1,000747.png,0,0.6663,27.7,30.3,0.001805,1.19,1.578,4,0.392,0.392,0,0.493
mix_scale_missing,1,000843.png,1,0.9357,123.0,195.0,0.051494,3.873,6.341,8,0.016,0.017,0,0.637
mix_scale_missing,1,000846.png,0,0.696,38.2,108.0,0.008848,2.267,3.693,7,0.0,0.0,0,0.542
mix_scale_missing,1,000846.png,0,0.5873,31.7,89.3,0.006078,1.883,3.069,7,0.0,0.0,0,0.536
mix_scale_missing,1,000859.png,1,0.8109,71.8,91.2,0.014052,2.124,6.057,5,0.033,0.081,0,0.571
mix_scale_missing,1,000897.png,1,0.7559,38.4,85.3,0.007023,1.797,1.797,1,0.0,0.0,0,0.557
mix_scale_missing,1,000910.png,1,0.9111,152.0,293.2,0.095702,2.256,6.576,5,0.079,0.086,1,0.753
mix_scale_missing,1,000910.png,1,0.7719,37.4,94.0,0.007537,0.554,1.616,5,0.294,0.338,0,0.53
mix_scale_missing,1,000910.png,1,0.6419,43.2,45.7,0.004237,0.641,1.868,5,0.064,0.078,0,0.551
mix_scale_missing,1,000918.png,1,0.9528,201.3,399.0,0.172467,4.227,9.917,6,0.0,0.0,1,0.731
mix_scale_missing,1,000930.png,0,0.6126,27.6,32.0,0.001896,0.496,0.764,3,0.0,0.0,0,0.491
mix_scale_missing,1,000933.png,1,0.8974,43.4,60.5,0.005629,-1.0,-1.0,0,0.0,0.0,0,0.547
mix_scale_missing,1,000936.png,1,0.9093,137.9,253.7,0.075077,2.386,6.27,9,0.181,0.326,0,0.678
mix_scale_missing,1,000936.png,1,0.6846,52.8,108.5,0.012298,0.914,2.401,9,0.418,0.832,0,0.555
mix_scale_missing,1,000970.png,0,0.5361,154.5,85.1,0.028234,3.414,5.768,6,0.0,0.0,1,0.792
mix_scale_missing,1,000985.png,0,0.5331,30.8,87.6,0.005783,0.762,2.673,11,0.297,0.963,0,0.538
mix_scale_missing,1,000985.png,0,0.5076,44.9,110.9,0.010684,1.112,3.9,11,0.575,1.0,0,0.56
mix_scale_missing,1,000998.png,1,0.8931,31.9,32.2,0.002208,0.537,1.661,7,0.0,0.0,0,0.518
mix_scale_missing,1,001012.png,1,0.8123,39.6,54.4,0.00462,0.484,0.904,5,0.052,0.276,0,0.536
mix_scale_missing,1,001013.png,1,0.8661,38.2,57.8,0.004735,0.799,1.31,8,0.156,0.44,0,0.531
mix_scale_missing,1,001013.png,0,0.5684,16.8,25.9,0.000934,0.351,0.576,8,0.0,0.0,0,0.495
mix_scale_missing,1,001044.png,0,0.5283,23.4,49.3,0.002475,0.675,1.007,7,0.0,0.0,0,0.485
mix_scale_missing,1,001100.png,1,0.9273,159.6,280.7,0.096218,3.492,8.366,7,0.142,0.173,1,0.781
mix_scale_missing,1,001158.png,0,0.5436,106.7,110.1,0.025173,3.461,5.105,5,0.436,1.0,1,0.671
mix_scale_missing,1,001167.png,1,0.8813,31.4,66.3,0.004473,-1.0,-1.0,0,0.0,0.0,0,0.523
mix_scale_missing,1,001209.png,1,0.9475,39.0,42.8,0.003584,1.067,3.006,9,0.0,0.0,0,0.523
mix_scale_missing,1,001209.png,1,0.7334,81.5,160.9,0.028147,2.228,6.279,9,0.332,0.417,0,0.562
mix_scale_missing,1,001209.png,1,0.5922,49.0,106.8,0.011241,1.341,3.778,9,0.521,0.571,0,0.532
mix_missing_scale,1,000019.png,1,0.947,132.3,194.4,0.055217,-1.0,-1.0,0,0.0,0.0,0,0.666
mix_missing_scale,1,000019.png,0,0.6061,42.0,47.5,0.004286,-1.0,-1.0,0,0.0,0.0,0,0.513
mix_missing_scale,1,000019.png,1,0.5221,18.1,22.9,0.000892,-1.0,-1.0,0,0.0,0.0,0,0.518
mix_missing_scale,1,000029.png,1,0.5179,29.7,35.8,0.00228,-1.0,-1.0,0,0.0,0.0,0,0.502
mix_missing_scale,1,000060.png,0,0.5116,25.2,42.0,0.002271,0.399,1.366,2,0.0,0.0,0,0.505
mix_missing_scale,1,000066.png,1,0.8232,27.4,42.9,0.002523,1.035,1.035,1,0.0,0.0,0,0.492
mix_missing_scale,1,000107.png,1,0.5647,34.0,40.3,0.002943,0.425,1.298,6,0.267,0.411,0,0.518
mix_missing_scale,1,000136.png,1,0.8907,39.2,52.7,0.004433,0.897,2.085,5,0.03,0.035,0,0.495
mix_missing_scale,1,000178.png,1,0.8463,26.8,25.8,0.001484,0.52,0.594,5,0.0,0.0,0,0.505
mix_missing_scale,1,000178.png,1,0.7215,52.7,160.6,0.018158,1.023,1.166,5,0.0,0.0,1,0.592
mix_missing_scale,1,000178.png,0,0.6714,31.8,44.1,0.003011,0.617,0.703,5,0.0,0.0,0,0.529
mix_missing_scale,1,000178.png,1,0.6405,32.4,42.7,0.002968,0.628,0.716,5,0.132,0.382,0,0.51
mix_missing_scale,1,000194.png,1,0.8732,28.7,37.0,0.002279,0.519,0.519,1,0.0,0.0,0,0.504
mix_missing_scale,1,000286.png,1,0.9428,79.6,110.0,0.018813,1.952,5.483,7,0.0,0.0,0,0.599
mix_missing_scale,1,000286.png,1,0.8927,127.6,140.1,0.038397,3.128,8.787,7,0.153,0.656,0,0.626
mix_missing_scale,1,000286.png,1,0.8155,26.3,80.2,0.004522,0.643,1.807,7,0.0,0.0,0,0.534
mix_missing_scale,1,000286.png,1,0.7037,28.3,83.6,0.005074,0.692,1.945,7,0.0,0.0,0,0.533
mix_missing_scale,1,000292.png,1,0.9173,65.0,68.3,0.009531,-1.0,-1.0,0,0.0,0.0,0,0.549
mix_missing_scale,1,000332.png,1,0.8599,36.5,46.3,0.003655,-1.0,-1.0,0,0.0,0.0,0,0.528
mix_missing_scale,1,000357.png,1,0.9183,126.9,244.8,0.066579,2.767,3.633,7,0.151,0.151,0,0.667
mix_missing_scale,1,000421.png,1,0.9319,207.8,224.8,0.100285,8.928,10.406,5,0.009,0.009,1,0.718
mix_missing_scale,1,000421.png,1,0.6508,19.8,41.9,0.001777,0.849,0.989,5,0.0,0.0,0,0.525
mix_missing_scale,1,000462.png,1,0.8454,71.8,140.6,0.021678,0.547,1.082,4,0.079,0.136,0,0.552
mix_missing_scale,1,000462.png,1,0.8402,88.7,94.9,0.018064,0.675,1.335,4,0.0,0.0,0,0.584
mix_missing_scale,1,000462.png,1,0.8345,99.8,206.8,0.044304,0.76,1.503,4,0.454,0.569,0,0.574
mix_missing_scale,1,000512.png,1,0.864,31.9,57.1,0.003905,-1.0,-1.0,0,0.0,0.0,0,0.536
mix_missing_scale,1,000521.png,1,0.8935,61.4,132.9,0.017505,1.362,2.264,2,0.183,0.223,0,0.6
mix_missing_scale,1,000521.png,1,0.5935,19.5,26.8,0.001121,0.433,0.72,2,0.0,0.0,0,0.51
mix_missing_scale,1,000536.png,1,0.9347,158.0,161.8,0.05489,11.261,11.261,1,0.0,0.0,0,0.66
mix_missing_scale,1,000537.png,1,0.5992,21.4,36.5,0.001679,0.824,0.824,1,0.013,0.034,0,0.519
mix_missing_scale,1,000539.png,0,0.8233,30.5,63.2,0.004145,1.66,1.929,5,0.399,0.399,0,0.528
mix_missing_scale,1,000539.png,1,0.8231,33.3,71.8,0.005124,1.808,2.1,5,0.051,0.131,0,0.537
mix_missing_scale,1,000539.png,1,0.7565,44.0,39.9,0.003766,2.39,2.777,5,0.0,0.0,1,0.58
mix_missing_scale,1,000577.png,1,0.8921,93.4,105.7,0.021202,0.804,3.003,4,0.166,0.444,0,0.58
mix_missing_scale,1,000581.png,1,0.7119,35.6,40.9,0.003126,-1.0,-1.0,0,0.0,0.0,0,0.595
mix_missing_scale,1,000601.png,1,0.6537,22.8,25.9,0.001267,0.686,0.686,1,0.0,0.0,0,0.492
mix_missing_scale,1,000612.png,1,0.9204,160.1,250.8,0.086198,2.919,5.109,5,0.427,0.435,1,0.718
mix_missing_scale,1,000612.png,1,0.7897,101.1,234.7,0.050957,1.845,3.228,5,0.27,0.376,0,0.615
mix_missing_scale,1,000612.png,1,0.598,83.7,200.2,0.036006,1.528,2.673,5,0.399,0.436,0,0.579
mix_missing_scale,1,000616.png,1,0.9291,52.7,65.7,0.007422,0.452,1.674,2,0.026,0.078,0,0.551
mix_missing_scale,1,000623.png,1,0.9055,163.6,241.7,0.08489,2.051,2.714,2,0.0,0.0,1,0.781
mix_missing_scale,1,000623.png,1,0.8222,151.9,147.1,0.047978,1.905,2.521,2,0.0,0.0,1,0.796
mix_missing_scale,1,000623.png,1,0.7567,51.0,78.3,0.008579,0.64,0.846,2,0.022,0.086,0,0.566
mix_missing_scale,1,000623.png,1,0.7259,43.5,61.7,0.005753,0.545,0.721,2,0.0,0.0,0,0.553
mix_missing_scale,1,000623.png,1,0.7128,25.4,38.4,0.002098,0.319,0.422,2,0.0,0.0,0,0.518
mix_missing_scale,1,000647.png,1,0.838,38.0,53.0,0.004315,0.774,1.656,3,0.25,0.536,0,0.531
mix_missing_scale,1,000657.png,1,0.5261,17.4,21.1,0.000788,-1.0,-1.0,0,0.0,0.0,0,0.491
mix_missing_scale,1,000664.png,1,0.8075,33.7,49.7,0.00362,0.612,1.063,4,0.008,0.061,0,0.519
mix_missing_scale,1,000682.png,1,0.9155,210.6,322.8,0.145975,-1.0,-1.0,0,0.0,0.0,1,0.715
mix_missing_scale,1,000682.png,1,0.6042,23.1,28.7,0.001423,-1.0,-1.0,0,0.0,0.0,0,0.534
mix_missing_scale,1,000683.png,1,0.6305,24.7,36.5,0.001934,0.997,1.573,3,0.0,0.0,0,0.521
mix_missing_scale,1,000714.png,1,0.8779,57.8,76.4,0.009487,0.797,1.013,4,0.0,0.0,0,0.541
mix_missing_scale,1,000725.png,1,0.9114,107.0,235.2,0.053912,1.241,1.601,3,0.483,0.513,0,0.634
mix_missing_scale,1,000725.png,1,0.829,29.1,32.9,0.002053,0.338,0.436,3,0.0,0.0,0,0.518
mix_missing_scale,1,000725.png,1,0.7598,41.6,60.6,0.005402,0.483,0.623,3,0.0,0.0,0,0.547
mix_missing_scale,1,000725.png,1,0.6005,29.2,42.2,0.002646,0.339,0.438,3,0.0,0.0,0,0.527
mix_missing_scale,1,000729.png,0,0.5949,38.3,90.7,0.007461,0.649,0.972,6,0.687,0.837,0,0.506
mix_missing_scale,1,000747.png,0,0.6663,27.7,30.3,0.001805,1.19,1.578,5,0.392,0.392,0,0.493
mix_missing_scale,1,000846.png,0,0.696,38.2,108.0,0.008848,1.587,2.641,6,0.0,0.0,0,0.542
mix_missing_scale,1,000846.png,0,0.5873,31.7,89.3,0.006078,1.318,2.194,6,0.0,0.0,0,0.536
mix_missing_scale,1,000846.png,1,0.558,22.5,56.9,0.002752,0.937,1.56,6,0.0,0.0,0,0.485
mix_missing_scale,1,000851.png,1,0.8702,36.3,47.0,0.003669,-1.0,-1.0,0,0.0,0.0,0,0.532
mix_missing_scale,1,000851.png,1,0.7529,28.7,30.6,0.001889,-1.0,-1.0,0,0.0,0.0,0,0.51
mix_missing_scale,1,000859.png,1,0.9184,116.8,165.8,0.041597,2.358,7.03,4,0.055,0.06,0,0.631
mix_missing_scale,1,000859.png,1,0.7393,34.1,46.8,0.003432,0.689,2.055,4,0.029,0.036,0,0.511
mix_missing_scale,1,000882.png,1,0.9392,158.1,218.8,0.074309,2.3,5.001,6,0.242,0.321,0,0.679
mix_missing_scale,1,000882.png,1,0.9212,141.5,204.5,0.062106,2.057,4.474,6,0.0,0.0,1,0.699
mix_missing_scale,1,000882.png,1,0.6687,26.7,29.5,0.001689,0.388,0.843,6,0.029,0.131,0,0.483
mix_missing_scale,1,000897.png,1,0.7559,38.4,85.3,0.007023,-1.0,-1.0,0,0.0,0.0,0,0.557
mix_missing_scale,1,000897.png,1,0.5824,20.9,24.5,0.001098,-1.0,-1.0,0,0.0,0.0,0,0.497
mix_missing_scale,1,000910.png,1,0.9111,152.0,293.2,0.095702,3.438,6.576,6,0.079,0.086,1,0.753
mix_missing_scale,1,000910.png,1,0.8699,108.9,116.2,0.027162,2.463,4.71,6,0.0,0.0,1,0.555
mix_missing_scale,1,000918.png,1,0.8583,54.4,69.3,0.00809,1.396,2.679,4,0.044,0.057,0,0.539
mix_missing_scale,1,000918.png,1,0.7536,41.2,56.8,0.005025,1.058,2.03,4,0.313,0.377,0,0.527
mix_missing_scale,1,000930.png,1,0.9407,212.8,373.5,0.170625,2.676,5.891,2,0.035,0.038,1,0.716
mix_missing_scale,1,000930.png,0,0.6126,27.6,32.0,0.001896,0.347,0.764,2,0.0,0.0,0,0.491
mix_missing_scale,1,000936.png,1,0.8931,46.0,52.8,0.005217,0.686,1.464,9,0.387,0.403,0,0.552
mix_missing_scale,1,000970.png,1,0.8386,32.5,41.0,0.00286,0.718,0.849,5,0.0,0.0,0,0.513
mix_missing_scale,1,000970.png,0,0.5361,154.5,85.1,0.028234,3.414,4.037,5,0.0,0.0,1,0.792
mix_missing_scale,1,000985.png,1,0.872,35.4,44.4,0.003366,0.779,2.149,7,0.0,0.0,0,0.538
mix_missing_scale,1,000985.png,1,0.5383,21.0,22.0,0.000991,0.462,1.274,7,0.0,0.0,0,0.517
mix_missing_scale,1,000985.png,0,0.5331,30.8,87.6,0.005783,0.678,1.871,7,0.0,0.0,0,0.538
mix_missing_scale,1,000985.png,1,0.5076,44.9,110.9,0.010684,0.989,2.73,7,0.032,0.236,0,0.56
mix_missing_scale,1,000998.png,1,0.8535,42.4,76.9,0.006993,0.668,1.978,6,0.09,0.24,0,0.552
mix_missing_scale,1,001013.png,1,0.8661,38.2,57.8,0.004735,0.559,1.31,7,0.156,0.44,0,0.531
mix_missing_scale,1,001013.png,0,0.5684,16.8,25.9,0.000934,0.246,0.576,7,0.0,0.0,0,0.495
mix_missing_scale,1,001044.png,1,0.82,32.7,58.1,0.004077,0.341,1.346,5,0.0,0.0,0,0.492
mix_missing_scale,1,001044.png,1,0.7537,44.7,68.1,0.006534,0.466,1.841,5,0.0,0.0,0,0.498
mix_missing_scale,1,001044.png,0,0.5283,23.4,49.3,0.002475,0.244,0.964,5,0.0,0.0,0,0.485
mix_missing_scale,1,001100.png,1,0.8266,113.2,100.6,0.024442,1.198,6.466,6,0.0,0.0,1,0.582
mix_missing_scale,1,001100.png,1,0.5951,43.2,51.7,0.004795,0.457,2.47,6,0.028,0.031,0,0.573
mix_missing_scale,1,001143.png,1,0.8622,25.5,26.9,0.001476,0.769,1.141,3,0.0,0.0,0,0.488
mix_missing_scale,1,001158.png,0,0.677,132.3,231.4,0.065623,2.553,4.432,4,0.431,0.431,0,0.671
mix_missing_scale,1,001158.png,0,0.5436,106.7,110.1,0.025173,2.058,3.573,4,0.33,0.527,1,0.671
mix_missing_scale,1,001190.png,1,0.9055,100.2,131.4,0.028289,1.35,3.512,4,0.187,0.234,0,0.662
mix_missing_scale,1,001190.png,1,0.8691,66.1,81.9,0.011611,0.889,2.314,4,0.0,0.0,0,0.567
mix_missing_scale,1,001209.png,1,0.9294,161.4,276.3,0.09574,3.949,8.705,7,0.198,0.309,0,0.661
mix_missing_scale,1,001209.png,1,0.7334,81.5,160.9,0.028147,1.994,4.396,7,0.542,0.698,0,0.562
mix_missing_scale,1,001209.png,1,0.7218,53.7,128.2,0.014787,1.315,2.898,7,0.68,0.927,0,0.54
mix_missing_scale,1,001209.png,1,0.5922,49.0,106.8,0.011241,1.2,2.645,7,0.521,0.876,0,0.532
mix_missing_scale,1,001276.png,1,0.6732,73.8,104.8,0.016599,2.07,3.919,5,0.116,0.277,0,0.575
mix_missing_duplicate,1,000006.png,1,0.7365,33.4,73.8,0.005328,0.819,1.448,4,0.0,0.0,0,0.502
mix_missing_duplicate,1,000019.png,0,0.6061,42.0,47.5,0.004286,0.307,2.075,2,0.0,0.0,0,0.513
mix_missing_duplicate,1,000029.png,1,0.5179,29.7,35.8,0.00228,-1.0,-1.0,0,0.0,0.0,0,0.502
mix_missing_duplicate,1,000060.png,0,0.5116,25.2,42.0,0.002271,0.399,1.366,2,0.0,0.0,0,0.505
mix_missing_duplicate,1,000107.png,1,0.9311,132.6,200.4,0.057037,1.656,3.76,5,0.187,0.576,0,0.657
mix_missing_duplicate,1,000107.png,1,0.8354,55.5,72.7,0.008661,0.693,1.574,5,0.0,0.0,0,0.552
mix_missing_duplicate,1,000107.png,1,0.7325,48.0,66.9,0.006901,0.6,1.362,5,0.238,0.71,0,0.532
mix_missing_duplicate,1,000136.png,1,0.7895,27.8,35.1,0.002093,0.553,0.705,4,0.14,0.39,0,0.475
mix_missing_duplicate,1,000136.png,1,0.7334,57.5,162.3,0.020033,1.145,1.459,4,0.335,0.477,0,0.515
mix_missing_duplicate,1,000178.png,1,0.9329,167.6,262.8,0.094583,3.347,6.659,5,0.242,0.481,0,0.697
mix_missing_duplicate,1,000178.png,1,0.7215,52.7,160.6,0.018158,1.052,2.093,5,0.0,0.0,1,0.592
mix_missing_duplicate,1,000178.png,0,0.6714,31.8,44.1,0.003011,0.634,1.262,5,0.0,0.0,0,0.529
mix_missing_duplicate,1,000286.png,1,0.9116,197.4,355.8,0.15079,3.386,9.513,8,0.312,0.414,0,0.731
mix_missing_duplicate,1,000286.png,1,0.8155,26.3,80.2,0.004522,0.45,1.265,8,0.053,0.261,0,0.534
mix_missing_duplicate,1,000286.png,1,0.6718,31.1,40.2,0.002681,0.533,1.498,8,0.241,0.533,0,0.513
mix_missing_duplicate,1,000295.png,1,0.9016,95.4,134.6,0.027569,7.255,7.255,2,0.0,0.0,0,0.633
mix_missing_duplicate,1,000357.png,1,0.9099,70.7,158.7,0.024048,1.28,2.024,7,0.096,0.325,0,0.566
mix_missing_duplicate,1,000357.png,1,0.8821,137.9,106.6,0.031517,2.497,3.948,7,0.0,0.0,1,0.668
mix_missing_duplicate,1,000386.png,1,0.8681,34.5,47.0,0.003471,0.615,0.918,9,0.085,0.332,0,0.53
mix_missing_duplicate,1,000386.png,1,0.5563,125.1,214.8,0.057581,2.231,3.329,9,0.414,1.0,1,0.652
mix_missing_duplicate,1,000406.png,1,0.9033,62.4,65.6,0.008793,-1.0,-1.0,0,0.0,0.0,0,0.538
mix_missing_duplicate,1,000421.png,1,0.9319,207.8,224.8,0.100285,10.401,10.406,5,0.009,0.009,1,0.718
mix_missing_duplicate,1,000421.png,1,0.8724,36.3,110.7,0.008618,1.815,1.816,5,0.211,0.274,0,0.527
mix_missing_duplicate,1,000421.png,1,0.8709,33.7,85.6,0.006191,1.686,1.687,5,0.0,0.0,0,0.554
mix_missing_duplicate,1,000462.png,1,0.9278,210.2,284.5,0.128416,2.368,3.166,5,0.15,0.198,1,0.719
mix_missing_duplicate,1,000462.png,1,0.8454,71.8,140.6,0.021678,0.809,1.082,5,0.145,0.348,0,0.552
mix_missing_duplicate,1,000462.png,1,0.8345,99.8,206.8,0.044304,1.124,1.503,5,0.454,0.569,0,0.574
mix_missing_duplicate,1,000493.png,1,0.8452,192.2,292.2,0.120576,5.654,7.563,5,0.0,0.0,1,0.744
mix_missing_duplicate,1,000512.png,1,0.864,31.9,57.1,0.003905,-1.0,-1.0,0,0.0,0.0,0,0.536
mix_missing_duplicate,1,000521.png,1,0.8935,61.4,132.9,0.017505,1.362,2.264,4,0.183,0.223,0,0.6
mix_missing_duplicate,1,000521.png,1,0.5935,19.5,26.8,0.001121,0.433,0.72,4,0.0,0.0,0,0.51
mix_missing_duplicate,1,000539.png,1,0.8231,33.3,71.8,0.005124,1.453,1.768,6,0.088,0.134,0,0.537
mix_missing_duplicate,1,000539.png,1,0.7565,44.0,39.9,0.003766,1.922,2.338,6,0.0,0.0,1,0.58
mix_missing_duplicate,1,000581.png,1,0.7119,35.6,40.9,0.003126,-1.0,-1.0,0,0.0,0.0,0,0.595
mix_missing_duplicate,1,000612.png,1,0.7403,45.4,146.3,0.014246,0.484,1.57,6,0.231,0.443,0,0.556
mix_missing_duplicate,1,000612.png,1,0.6182,62.6,129.1,0.017343,0.668,2.166,6,0.159,0.514,0,0.554
mix_missing_duplicate,1,000612.png,0,0.598,83.7,200.2,0.036006,0.893,2.899,6,0.493,0.766,0,0.579
mix_missing_duplicate,1,000616.png,1,0.9291,52.7,65.7,0.007422,0.452,1.674,2,0.026,0.078,0,0.551
mix_missing_duplicate,1,000623.png,1,0.7259,43.5,61.7,0.005753,0.545,1.736,8,0.316,0.61,0,0.553
mix_missing_duplicate,1,000630.png,1,0.8081,31.0,31.9,0.00212,-1.0,-1.0,0,0.0,0.0,0,0.499
mix_missing_duplicate,1,000647.png,1,0.9008,64.4,73.8,0.010182,2.809,4.041,2,0.0,0.0,0,0.564
mix_missing_duplicate,1,000647.png,1,0.838,38.0,53.0,0.004315,1.656,2.383,2,0.0,0.0,0,0.531
mix_missing_duplicate,1,000664.png,1,0.9305,58.1,59.4,0.00746,1.468,1.834,4,0.283,0.34,0,0.531
mix_missing_duplicate,1,000683.png,1,0.6305,24.7,36.5,0.001934,0.898,0.997,2,0.0,0.0,0,0.521
mix_missing_duplicate,1,000714.png,1,0.9332,99.0,181.7,0.038615,1.704,2.056,5,0.148,0.236,0,0.59
mix_missing_duplicate,1,000725.png,1,0.9114,107.0,235.2,0.053912,1.241,3.624,6,0.483,0.513,0,0.634
mix_missing_duplicate,1,000725.png,0,0.7598,41.6,60.6,0.005402,0.483,1.41,6,0.809,0.833,0,0.547
mix_missing_duplicate,1,000725.png,1,0.6005,29.2,42.2,0.002646,0.339,0.991,6,0.315,0.662,0,0.527
mix_missing_duplicate,1,000729.png,1,0.8966,138.1,297.1,0.0881,1.638,3.504,6,0.458,0.616,1,0.658
mix_missing_duplicate,1,000729.png,0,0.5949,38.3,90.7,0.007461,0.454,0.972,6,0.687,0.837,0,0.506
mix_missing_duplicate,1,000829.png,1,0.9332,63.1,85.3,0.011555,-1.0,-1.0,0,0.0,0.0,0,0.564
mix_missing_duplicate,1,000829.png,1,0.799,40.4,53.1,0.004597,-1.0,-1.0,0,0.0,0.0,0,0.532
mix_missing_duplicate,1,000843.png,1,0.943,164.3,203.4,0.071776,3.624,8.475,5,0.051,0.075,1,0.776
mix_missing_duplicate,1,000843.png,1,0.9216,64.4,98.2,0.013567,1.42,3.32,5,0.222,0.268,0,0.559
mix_missing_duplicate,1,000843.png,1,0.5868,21.4,28.7,0.001319,0.473,1.105,5,0.0,0.0,0,0.504
mix_missing_duplicate,1,000846.png,0,0.696,38.2,108.0,0.008848,1.675,2.641,7,0.0,0.0,0,0.542
mix_missing_duplicate,1,000846.png,0,0.5873,31.7,89.3,0.006078,1.392,2.194,7,0.0,0.0,0,0.536
mix_missing_duplicate,1,000846.png,1,0.558,22.5,56.9,0.002752,0.989,1.56,7,0.0,0.0,0,0.485
mix_missing_duplicate,1,000854.png,1,0.9398,39.8,80.9,0.006916,-1.0,-1.0,0,0.0,0.0,0,0.55
mix_missing_duplicate,1,000854.png,1,0.7341,19.3,35.4,0.001468,-1.0,-1.0,0,0.0,0.0,0,0.504
mix_missing_duplicate,1,000859.png,1,0.7393,34.1,46.8,0.003432,0.482,2.017,4,0.096,0.138,0,0.511
mix_missing_duplicate,1,000859.png,1,0.6945,172.6,106.1,0.039311,2.439,10.194,4,0.0,0.0,1,0.769
mix_missing_duplicate,1,000882.png,1,0.9542,68.3,143.6,0.021075,0.505,2.161,7,0.011,0.042,0,0.572
mix_missing_duplicate,1,000882.png,1,0.9392,158.1,218.8,0.074309,1.169,5.001,7,0.242,0.321,0,0.679
mix_missing_duplicate,1,000882.png,1,0.897,34.9,37.5,0.002812,0.258,1.104,7,0.389,0.485,0,0.496
mix_missing_duplicate,1,000882.png,1,0.6687,26.7,29.5,0.001689,0.197,0.843,7,0.029,0.131,0,0.483
mix_missing_duplicate,1,000893.png,1,0.899,52.1,127.3,0.01424,-1.0,-1.0,0,0.0,0.0,0,0.59
mix_missing_duplicate,1,000897.png,1,0.5824,20.9,24.5,0.001098,0.501,0.501,1,0.0,0.0,0,0.497
mix_missing_duplicate,1,000918.png,1,0.8583,54.4,69.3,0.00809,1.142,2.679,10,0.278,0.345,0,0.539
mix_missing_duplicate,1,000930.png,0,0.6126,27.6,32.0,0.001896,0.347,0.764,4,0.0,0.0,0,0.491
mix_missing_duplicate,1,000970.png,0,0.5361,154.5,85.1,0.028234,3.414,4.722,6,0.0,0.0,1,0.792
mix_missing_duplicate,1,000985.png,1,0.9612,182.6,376.0,0.147156,5.426,11.096,12,0.118,0.119,1,0.753
mix_missing_duplicate,1,000985.png,1,0.9115,71.4,104.8,0.016044,2.122,4.339,12,0.0,0.0,0,0.607
mix_missing_duplicate,1,000985.png,0,0.5331,30.8,87.6,0.005783,0.915,1.871,12,0.297,0.963,0,0.538
mix_missing_duplicate,1,000985.png,0,0.5076,44.9,110.9,0.010684,1.335,2.73,12,0.575,1.0,0,0.56
mix_missing_duplicate,1,001012.png,1,0.8694,76.9,112.3,0.018545,0.414,1.756,4,0.121,0.338,0,0.596
mix_missing_duplicate,1,001012.png,1,0.8123,39.6,54.4,0.00462,0.213,0.904,4,0.052,0.276,0,0.536
mix_missing_duplicate,1,001013.png,1,0.9351,69.1,103.8,0.015372,1.011,2.01,6,0.0,0.0,0,0.57
mix_missing_duplicate,1,001013.png,1,0.8661,38.2,57.8,0.004735,0.559,1.112,6,0.0,0.0,0,0.531
mix_missing_duplicate,1,001013.png,0,0.5684,16.8,25.9,0.000934,0.246,0.489,6,0.0,0.0,0,0.495
mix_missing_duplicate,1,001013.png,1,0.5107,28.2,37.9,0.002292,0.413,0.821,6,0.0,0.0,0,0.516
mix_missing_duplicate,1,001044.png,1,0.8868,142.5,197.9,0.060545,3.074,4.294,3,0.164,0.476,0,0.663
mix_missing_duplicate,1,001044.png,1,0.8275,35.2,53.5,0.004043,0.759,1.06,3,0.0,0.0,0,0.508
mix_missing_duplicate,1,001044.png,1,0.7804,35.1,80.9,0.006098,0.757,1.057,3,0.0,0.0,0,0.512
mix_missing_duplicate,1,001044.png,1,0.6658,93.0,108.8,0.021739,2.007,2.803,3,0.015,0.109,0,0.559
mix_missing_duplicate,1,001044.png,0,0.5283,23.4,49.3,0.002475,0.505,0.705,3,0.0,0.0,0,0.485
mix_missing_duplicate,1,001090.png,1,0.8062,29.5,34.0,0.002152,-1.0,-1.0,0,0.0,0.0,0,0.542
mix_missing_duplicate,1,001100.png,1,0.8266,113.2,100.6,0.024442,1.198,4.526,6,0.0,0.0,1,0.582
mix_missing_duplicate,1,001100.png,1,0.8259,36.4,91.5,0.00715,0.385,1.455,6,0.31,0.362,0,0.548
mix_missing_duplicate,1,001100.png,0,0.5274,27.6,50.5,0.002992,0.292,1.103,6,0.756,0.976,0,0.534
mix_missing_duplicate,1,001143.png,1,0.9242,107.4,211.2,0.048717,3.238,3.238,1,0.0,0.0,1,0.668
mix_missing_duplicate,1,001143.png,1,0.8622,25.5,26.9,0.001476,0.769,0.769,1,0.0,0.0,0,0.488
mix_missing_duplicate,1,001158.png,1,0.836,29.3,31.7,0.001994,0.952,0.952,1,0.0,0.0,0,0.522
mix_missing_duplicate,1,001158.png,1,0.7646,53.5,74.9,0.008584,1.735,1.735,1,0.059,0.082,0,0.565
mix_missing_duplicate,1,001158.png,1,0.7247,33.1,48.9,0.003463,1.072,1.072,1,0.0,0.0,0,0.533
mix_missing_duplicate,1,001158.png,1,0.677,132.3,231.4,0.065623,4.293,4.293,1,0.0,0.0,0,0.671
mix_missing_duplicate,1,001158.png,1,0.5436,106.7,110.1,0.025173,3.461,3.461,1,0.0,0.0,1,0.671
mix_missing_duplicate,1,001190.png,1,0.9055,100.2,131.4,0.028289,1.867,3.512,5,0.089,0.571,0,0.662
mix_missing_duplicate,1,001190.png,1,0.8596,65.7,94.7,0.013372,1.225,2.303,5,0.252,0.316,0,0.595
mix_missing_duplicate,1,001192.png,1,0.9345,104.2,149.9,0.033542,1.432,2.626,2,0.233,0.277,0,0.63
mix_missing_duplicate,1,001209.png,1,0.7334,81.5,160.9,0.028147,1.45,5.663,12,0.542,0.698,0,0.562
mix_missing_duplicate,1,001209.png,1,0.5929,37.6,94.3,0.0076,0.668,2.61,12,0.441,0.904,0,0.514
mix_missing_duplicate,1,001276.png,1,0.9034,79.6,152.9,0.026149,1.564,4.229,6,0.143,0.21,0,0.624
